id,severity,blocker,category,finding,evidence,impact,action,gate,resolution_status,release_disposition,resolution_evidence,residual_action
PR-001,Critical,Yes,Numerical physics / XXZ,"The random-field XXZ data use one second-order product-formula substep per record interval, but no convergence study is part of the release.","Model registry sets dt_record=0.25 and trotter_substeps=1. Independent n=10,12 tests against 8 substeps found normalized metric errors up to 0.576 and substantial changes in metric-competition rates.","XXZ-specific path morphology, competition rates, and any physical interpretation as XXZ Hamiltonian dynamics are not numerically controlled.","Regenerate XXZ with at least 4 substeps and demonstrate 4-vs-8 convergence at n=10,12,14; preferably regenerate all release sizes. Otherwise relabel the object as a fixed product-formula circuit and remove claims of converged XXZ dynamics.",Max declared-observable 4-vs-8 differences below a preregistered tolerance; regenerated tables/figures/tests all pass.,closed_for_release,Blocker closed under the fixed-circuit interpretation.,docs/XXZ_PRODUCT_FORMULA_CONVERGENCE.md; data/xxz_convergence_n10_n12_n14.zip; metadata/public_claims.json PUB-LIM-XXZ-001,A future Hamiltonian-dynamics dataset should use the convergence-controlled setting over all desired sizes.
PR-002,Critical,Yes,Figure provenance,The documented make rebuild-included workflow does not feed its freshly recomputed robustness results into the public figure builder.,"scripts/rebuild_all_from_included_data.sh writes outputs/rebuild/* and then calls scripts/build_public_figures.py, while that builder always reads data/public_analysis_inputs.zip.","The public figures can remain unchanged even when a fresh analysis differs, so the advertised end-to-end provenance chain is not real.","Add an explicit input directory/archive option to the figure builder and use fresh outputs, or fail unless fresh tables match the archived public inputs within declared tolerances.",A controlled perturbation of a recomputed table changes the corresponding figure or causes the workflow to fail.,closed,End-to-end public-figure provenance implemented and tested.,docs/PUBLIC_FIGURE_PROVENANCE.md; scripts/build_public_figures.py; scripts/rebuild_all_from_included_data.sh; tests/test_repository.py,None for v1.0.0.
PR-003,Critical,Yes,Exact mathematics / Hartley entropy,The code claims an exact q=0 Rényi/Hartley limit but uses a numerical support threshold that contradicts the documented exact discontinuity.,"At d=1024 and p=1-1e-14, the equal-tail spectrum has 1024 strictly positive entries and exact H0=10 bits, but the default code and fixed-p boundary return H0=0 because support_tol=1e-15.",The repository's stated exact all-q metric layer is false at q=0 near product spectra.,Implement Hartley fixed-p boundaries analytically and distinguish exact mathematical support from numerical-rank estimation; add near-product regression tests.,"The d=1024,p=1-1e-14 counterexample returns lower=1 bit, upper=10 bits (base 2), and exact constructed spectra do not use a positive support threshold.",closed,Exact Hartley and thresholded numerical rank are separated.,src/entanglement_trajectories/metrics.py; src/entanglement_trajectories/boundaries.py; docs/EXACT_SPECTRAL_GEOMETRY.md; tests/test_repository.py,None for v1.0.0.
PR-004,High,Yes,Reproducibility / CI,Dependencies are specified only by lower bounds and no passing hosted run for the final release commit was verified during this audit.,"pyproject.toml permits arbitrary future NumPy, pandas, SciPy, matplotlib, Pillow, PyYAML, and pytest versions. A previous hosted run exposed backend/version sensitivity.",A tagged release may not reproduce its own figures and numerical tolerances across environments.,Add a release constraints/lock file and make the primary CI job install it; optionally retain a second latest-dependencies portability job. Require a green run on the tagged commit.,Clean hosted CI passes using the pinned release environment and reports package versions.,closed_locally_hosted_gate_pending,Exact release locks and a hardened pinned CI job are present; local structure and scientific checks pass.,requirements/release-py311.txt; requirements/release-build.txt; environment/release-py311.json; .github/workflows/qa.yml; docs/RELEASE_ENVIRONMENT.md,Require one green locked hosted workflow run on the final uploaded commit before tagging.
PR-005,High,No,Statistical interpretation,The strongest fingerprint/classification numbers use the full path and are substantially boosted by the shared horizontal lambda_max coordinate.,Centroid leave-size same/cross accuracy is 0.917/0.694 for full paths but 0.806/0.347 for vertical-only paths. Individual double-holdout vertical-only cross-metric accuracy is 0.257.,Readers may attribute common-x information to metric-robust vertical morphology.,"Show full-path, vertical-only, and lambda_max-only results together in Figure 5 and its caption; lead with the y-only result when discussing cross-metric transfer.",Public claims and figure distinguish shared-coordinate signal from metric-dependent signal.,closed,"Figure 5 and docs separate full-path, vertical-only, and lambda-max-only classification.",figures/public/figure_05_model_morphology_and_limits.png; docs/FINGERPRINT_GENERALIZATION_LIMITS.md; metadata/public_claims.json PUB-EMP-008,None for v1.0.0.
PR-006,High,No,Missing-data treatment,Trajectory resampling bridges internal intervals where the boundary-relative coordinate is undefined.,"The interpolation keeps all finite samples between the first and last finite time, even across internal NaN gaps. QCA_1 has 12-21 internal missing points depending on size.",Some distances and classifications are computed through artificial interpolation across collapsed exact envelopes.,Interpolate only within contiguous finite segments or report a gap-aware sensitivity analysis in the canonical outputs.,Gap-aware results are primary or shown alongside current values; no hidden bridging of undefined intervals.,closed,Boundary-coordinate interpolation is contiguous-segment and gap aware.,src/entanglement_trajectories/robustness.py; tests/test_repository.py; gap-aware canonical classification outputs,None for v1.0.0.
PR-007,High,No,Scientific wording,The phrase four quantum-chaos families overstates the status of all included conditions.,"The registry includes Clifford-reference QCA, transverse-reference kicked Ising, standard/perturbed baker, and weak/strong-disorder XXZ conditions; chaos is not established separately for every run.",The empirical scope can be read as a controlled comparison of four chaotic ensembles when it is a broader dynamics suite.,"Use four dynamical families used to probe scrambling, integrability, localization, and spectral complexity unless a chaos diagnostic is supplied per condition.","README, AI context, captions, and metadata use scoped terminology consistently.",closed,"Public claim wording now says four dynamical families used to probe scrambling, recurrence, disorder, and spectral complexity.",README.md; START_HERE.md; SCIENTIFIC_POSITION.md; docs/SCIENTIFIC_OVERVIEW.md; paper/AUTHOR_CLARIFICATION_2026.md,"Retain quantum-chaos as a discovery keyword, not a per-condition classification."
PR-008,High,No,Sampling / replication,"Each model-condition-size cell is deterministic and the study has only four designed conditions per model, not independent ensemble replication.",One deterministic random-product seed and one disorder realization are used per applicable run and size.,"Bootstrap intervals and classifier accuracy describe the designed dataset, not a population of disorder or initial-state realizations.","State this prominently; call the bootstrap a design-cluster sensitivity interval. For stronger model inference, add independent disorder and initial-state replicates.",No population-level language without genuine replicate ensembles.,closed_by_scope_and_sensitivity,Designed deterministic conditions and nonpopulation interpretation are explicit; model-stratified design-cluster sensitivity is canonical.,docs/LIMITATIONS.md; docs/ANALYSIS_METHODS.md; metadata/public_claims.json PUB-LIM-DESIGN-001; common_mode_sensitivity.json,"Independent disorder/initial-state replicates remain a future expansion, not a v1.0.0 claim."
PR-009,High,No,Time coordinate,The common coordinate tau=step/n is not a universal physical time across the four model families.,"Simulation records tau=step/n, whereas XXZ has dt_record=0.25 and circuit/map iterations have different physical meanings.",Cross-model trajectory geometry can be interpreted as time-aligned physical dynamics when it is a scaled iteration/depth coordinate.,Rename tau to scaled step or scaled depth in public text and retain model-specific physical-time metadata.,All figures/captions define the coordinate without implying universal physical time.,closed,"Tau is defined as a scaled iteration coordinate, not common physical time.",README.md; docs/ANALYSIS_METHODS.md; metadata/definitions.json,None for v1.0.0.
PR-010,High,No,References,The corrected repository lacks a consolidated peer-review bibliography for its exact and interpretive claims.,"Core documents invoke majorization, Page entropy, Li-Haldane, Wishart/MP, and product-formula physics without a stable REFERENCES.md or equivalent full citations.",Readers and AI systems cannot easily distinguish established results from this repository's derivations and interpretations.,Add primary references with DOI/arXiv links and map them to claim IDs.,Every external theorem or historical attribution has a complete primary citation.,closed,Primary references and machine-readable bibliography added.,REFERENCES.md; metadata/references.json,Keep bibliography current in future releases.
PR-011,Medium,No,Bootstrap design,The cluster bootstrap samples 16 model-condition units without stratifying by model.,"A model-stratified cluster bootstrap gives a similar but conceptually cleaner PC1 CI [0.861,0.934] versus the released [0.857,0.938].",The reported interval can fluctuate in model composition and should not be interpreted as a balanced four-model uncertainty interval.,Use model-stratified cluster resampling or explicitly label the current interval as an unstratified design sensitivity.,"Bootstrap unit, target population, and stratification are explicit.",closed,Canonical interval is model-stratified over designed condition clusters and labeled a sensitivity interval.,analysis/analyze_metric_robustness.py; docs/ANALYSIS_METHODS.md; data/public_analysis_inputs.zip,None for v1.0.0.
PR-012,Medium,No,Documentation,PUBLIC_FIGURE_STORY.md advertises supplemental random-matrix figure files that are absent from the repository.,"It names figures/public/supplemental/figure_reference_01_distance_n20.* and figure_spectrum_04_endpoint_scorecard_n20.*, but the directory is absent.",Broken provenance expectations and misleading navigation.,Remove the section or include the files and registry entries.,All documented public files exist.,closed,Absent supplemental figure claims removed.,docs/PUBLIC_FIGURE_STORY.md,None for v1.0.0.
PR-013,Medium,No,Documentation,data/README.md says the three data objects are checksum-tracked after the checksum records were intentionally deleted.,The opening sentence retains checksum-tracked wording.,Small but direct factual inconsistency.,Replace with version-controlled or bundled data objects.,No stale checksum language.,closed,Stale checksum-tracked wording removed.,data/README.md,None for v1.0.0.
PR-014,Medium,No,Correction record,CORRECTIONS.md has duplicated and nonexistent machine-record claims and future-tense wording.,It lists paper_correction_ledger.csv twice and says equation/figure dispositions are available in CSV and JSON although those compact files are absent; it says What the repository will say.,Weakens the authority of the correction layer.,Correct the machine-readable record paragraph and use present tense.,Every linked/claimed correction artifact exists and is unique.,closed,Correction record now points only to existing unique artifacts and uses present tense.,CORRECTIONS.md; metadata/paper_correction_ledger.csv; analysis/verify_paper_corrections.py,None for v1.0.0.
PR-015,Medium,No,Data schema,Saved NPZ spectra are stored in ascending eigvalsh order although the canonical Schmidt-spectrum convention is descending.,All 405 spectra are valid but raw arrays are ascending; current metric code silently normalizes/sorts them on read.,External users can misread lambda_1 and leading-edge diagnostics if they inspect the archive directly.,Repackage spectra in canonical descending order or document an explicit archive-order field and loader requirement.,Archive schema and actual ordering agree.,closed,Selected spectra are repacked in descending order with explicit schema metadata.,data/spectra_selected_n20.zip; tests/test_repository.py,None for v1.0.0.
PR-016,Medium,No,Geometric descriptors,Some coarse descriptor language overstates what is measured.,Arc length includes the common lambda_max coordinate; signed polygonal area does not close the last-to-first segment. Vertical-only total-variation rank correlations are lower than full-path arc-length correlations.,Fine/coarse geometry can appear more metric-robust because of the shared x coordinate or ambiguous area convention.,Report x-only/y-only/full descriptors separately and rename the area to the actual open-path line-integral/origin-closed convention.,Descriptor formulas and interpretation match exactly.,closed,"Descriptors now distinguish full-path arc length, vertical total variation, origin-closed area, and exact turns.",analysis/analyze_metric_robustness.py; docs/ANALYSIS_METHODS.md; figures/public/figure_03_metric_robustness_hierarchy.png,None for v1.0.0.
PR-017,Low,No,CI architecture,The general scientific validator still contains browser-upload packaging limits.,"It fails above 100 files or 25 MiB, constraints unrelated to scientific correctness after the repository is established.",Legitimate future documentation/tests can break CI for non-scientific reasons.,Move packaging-size checks to a separate release-packaging command.,Scientific CI and packaging CI are independent.,closed,Browser-upload size limits removed from scientific validation.,analysis/validate_public_repository.py,Packaging constraints may be handled separately if needed.
PR-018,Medium,No,Numerical tolerance,Pure-state logarithmic negativity is materially more sensitive to tiny numerical tails than other stored metrics.,Reconstruction of 405 spectra agrees to 1.71e-7 for log negativity versus about 1e-13 for VN/linear and 1e-14 for leading-eigenvalue metrics.,Uniform precision language would be misleading.,Declare metric-specific tolerances and preserve raw eigenvalue-cleaning conventions.,QA tables report per-metric tolerances.,closed,Metric-specific numerical tolerances and tail sensitivity are documented and tested.,tests/test_repository.py; docs/REPRODUCIBILITY.md; docs/RELEASE_QA.md,None for v1.0.0.
PR-019,Low,No,GitHub metadata,"The repository description is set, but the DOI homepage and topics remain unset and GitHub labels the mixed license file as Other.","Current repository API reports empty homepage, topics=[], license=Other.",Reduced discoverability and ambiguous sidebar presentation.,Set DOI homepage and topics; optionally split the standard BSD text into LICENSE and the CC-BY notice into LICENSE-CONTENT.md.,Repository API exposes homepage/topics and a clear license presentation.,partially_closed_external_settings_pending,Standard BSD code license and separate CC-BY content notice are present; GitHub description is set.,LICENSE; LICENSE-CONTENT.md; CITATION.cff; codemeta.json,"Set DOI homepage, topics, and social preview in GitHub before tagging. GitHub license sidebar behavior should be checked visually."
PR-020,High,No,Publication ethics / correction,The objective errors in the published paper are material enough that a repository clarification alone does not amend the version of record.,"The correction ledger includes the exact entropy boundary, Page formula, rank-one spike, QFT invariance, Wishart scaling, and other factual corrections.",Readers using only the journal article can continue to encounter incorrect statements.,"After freezing the corrected release, submit a concise factual corrigendum to Quantum.",Journal correspondence initiated; repository accurately states its status.,open_post_release_nonblocking,Repository correction layer is frozen and explicitly does not amend the journal version of record.,CORRECTIONS.md; paper/AUTHOR_CLARIFICATION_2026.md; metadata/paper_correction_ledger.csv,Submit a concise factual corrigendum to Quantum after v1.0.0 is frozen.
PR-021,Medium,No,Spectrum-level coverage,Only five selected n=20 runs have complete spectra and the selection omits some important families/conditions.,"Archive contains KI_3, KI_4, QCA_2, XXZ_2, and XXZ_4; no baker spectrum and no non-Clifford QCA spectrum.","The 400-transition majorization audit is a selected-case mechanism check, not a model-wide frequency estimate.",Keep that limitation prominent or expand the spectrum sample.,No model-wide majorization-frequency claim from the selected archive.,closed_by_scope,"Selected-spectrum audit is explicitly described as a five-run mechanism check, not a model-wide frequency estimate.",docs/LIMITATIONS.md; docs/ANALYSIS_METHODS.md; metadata/public_claims.json PUB-LIM-SPECTRA-001,Expand spectra to omitted families only for a future model-wide frequency claim.
